{"rmse": 3780.2560326173343, "mae": 2333.787063970871, "r2": 0.9049674517183767}